angle,ratio,O,Nhat,omega,it_basic,lmin_basic,lmax_basic,it_flat,lmin_flat,lmax_flat,it_exact,lmin_exact,lmax_exact
0.0,1,0,1,1.2183,190,0.00024478682465370327,1.6570994580099105,190,0.00024478682465370327,1.6570994580099105,102,0.0010249550423004888,1.998975044957072
0.0,1,1,4,1.2183,205,0.00029593072217516675,4.0488096866602366,161,0.0002687794546983917,1.2767123434882397,72,0.0031800327224888584,4.000000000000001
0.0,1,2,4,1.2183,249,0.00032596571359126757,4.375676611641894,157,0.00027179121738169653,1.2630518990167687,57,0.005464643337575753,4.000000000000002
0.0,1,3,4,1.2183,264,0.0003568250680160125,4.516762757873907,156,0.00027233631765484056,1.2610139662237285,48,0.007887832329220391,3.9999999999999956
0.0,1,4,4,1.2183,264,0.0003913776510749368,4.641301030092527,155,0.0002724809606670996,1.2609515142078729,42,0.010462592275539905,4.000000000000011
0.0,1,5,4,1.2183,260,0.0004307923177493524,4.698087633009872,154,0.00027255316232489027,1.260947484203287,39,0.013204028566238238,4.000000000000004
0.0,2,0,1,1.2585,185,0.0003507402938006271,1.670473286114469,185,0.0003507402938006271,1.670473286114469,102,0.0013648970970487682,1.9986351028906022
0.0,2,1,4,1.2585,195,0.0004297916229626881,4.04253272295858,153,0.0003897428098043672,1.3284980604828664,72,0.004234788884854505,4.000000000000001
0.0,2,2,4,1.2586,242,0.0004748020544217319,4.374438273143391,151,0.0003952879486139753,1.3095954597823418,57,0.007277516200064591,4.000000000000001
0.0,2,3,4,1.2586,254,0.0005202331151211545,4.5953383296425185,150,0.00039649629798685213,1.3084600831520823,49,0.01050552249167549,3.9999999999999996
0.0,2,4,4,1.2586,259,0.0005706750835556343,4.729612729041051,150,0.000396849429966396,1.3084375617952735,43,0.013936845707079001,3.9999999999999982
0.0,2,5,4,1.2586,254,0.0006280106634323308,4.808764364470323,149,0.00039699874184857955,1.3084109963251749,39,0.01759311096396476,4.000000000000002
0.0,5,0,1,1.3727,167,0.0005766024304775816,1.7224102637638576,167,0.0005766024304775816,1.7224102637638576,108,0.0017037904744573154,1.998296209418917
0.0,5,1,4,1.3731,203,0.0007544191989983527,4.024167111867323,143,0.000678608729350618,1.42601278257218,78,0.005287698814780966,3.9999999999999982
0.0,5,2,4,1.3734,231,0.0008460504864536855,4.343893336869962,140,0.0006988535095499982,1.4098192299756975,62,0.009091094150338708,4.000000000000003
0.0,5,3,4,1.3736,238,0.0009319738442718471,4.696987778518034,139,0.000705076685193765,1.4051186392841892,53,0.01312998387338908,4.000000000000002
0.0,5,4,4,1.3734,238,0.001023886513443922,4.933313077835813,139,0.0007074210949241171,1.4038196174220499,45,0.017429219185998608,4.0
0.0,5,5,4,1.374,234,0.001126487073125458,5.0852480264349715,139,0.0007084227686749467,1.403322778150073,41,0.022021310548804133,3.999999999999999
0.0,10,0,1,1.4658,167,0.0008252357955910928,1.7768083614729808,167,0.0008252357955910928,1.7768083614729808,120,0.0018574565890646427,1.998142538420264
0.0,10,1,4,1.4673,196,0.0011865730590444432,4.012242209515668,137,0.001053703535298683,1.5194078769804624,88,0.005765963825009928,4.0000000000000036
0.0,10,2,4,1.4682,211,0.001363243312397795,4.259085509297578,132,0.0011117254583053729,1.4975331176594435,68,0.009918381434905752,4.000000000000003
0.0,10,3,4,1.469,218,0.0015161047034123517,4.64731380058243,130,0.0011331301806737067,1.4918298323402395,59,0.014332531311190486,4.000000000000002
0.0,10,4,4,1.4693,216,0.0016719558196604224,4.958027099641075,128,0.001142649673233704,1.489379739429883,53,0.019038593389671343,3.9999999999999982
0.0,10,5,4,1.4704,212,0.0018410556251047547,5.181501991313227,117,0.0011473352744413789,1.4881852223057335,49,0.024076804161736843,4.000000000000001
0.0,20,0,1,1.5485,170,0.0011221693207396426,1.8353181914790544,170,0.0011221693207396426,1.8353181914790544,132,0.0019451545679925726,1.9980513297010973
0.0,20,1,4,1.5511,189,0.0018462361988537124,4.00540178610567,138,0.001606053218474053,1.6450989353284968,93,0.006039073221646332,4.000000000000001
0.0,20,2,4,1.5533,192,0.0022090154141107712,4.157710301799369,130,0.001762453854720034,1.6115557754149392,81,0.010392964350257808,4.0000000000000036
0.0,20,3,4,1.5553,192,0.0025002803605791712,4.491183286009217,126,0.0018295838650107964,1.5903588936428188,70,0.015025795017858687,4.000000000000007
0.0,20,4,4,1.557,189,0.0027798833309301977,4.828301062508201,123,0.0018636669416520566,1.5823510075983154,61,0.01997075485631743,3.999999999999999
0.0,20,5,4,1.5585,185,0.0030703878453171743,5.109749566697188,122,0.0018827024301050444,1.5803147596402316,55,0.025269727627105613,3.999999999999998
0.0,50,0,1,1.6112,157,0.0015026086599047323,1.9055208351060735,157,0.0015026086599047323,1.9055208351060735,128,0.0020018563568252774,1.9978330982931298
0.0,50,1,4,1.6181,178,0.003057345721656436,4.001678688785064,127,0.0025607320724314875,1.8286957491669036,109,0.006214197734830531,4.000000000000014
0.0,50,2,4,1.6242,174,0.003972110505205162,4.066416114986283,116,0.0030288115685807916,1.8349104953426194,101,0.010694111495767078,4.000000000000005
0.0,50,3,4,1.6296,168,0.004679517492052953,4.253335854873242,108,0.0032711358799439815,1.8206229141445691,87,0.015454444777318006,4.000000000000004
0.0,50,4,4,1.6344,163,0.00530989720337271,4.511020213774034,94,0.003413646308713205,1.805266906428072,77,0.020515463658312895,4.000000000000004
0.0,50,5,4,1.6387,158,0.005916236402562926,4.785599885318839,108,0.003504429819155044,1.7941478236976898,69,0.025896051928599062,4.0
0.0,100,0,1,1.6003,149,0.0017200922372023553,1.9440496325611103,149,0.0017200922372023553,1.9440496325611103,115,0.0020214973004438154,1.997894967651477
0.0,100,1,4,1.6126,167,0.004057447577649025,4.000698110368949,120,0.003297027290611423,1.9452021043297116,124,0.006271131268380646,3.999999999999999
0.0,100,2,4,1.6237,157,0.005679009453203974,4.03275894038197,108,0.004154975792743489,2.008554474405054,107,0.01077583230456635,4.000000000000002
0.0,100,3,4,1.6338,148,0.006967799848673889,4.1323975208122725,100,0.004662029953643328,2.0306118542411524,93,0.015523455073935466,4.000000000000004
0.0,100,4,4,1.6429,141,0.008078231981656823,4.290061015493735,98,0.004991375209916965,2.0367431461213785,82,0.020495760596434834,4.000000000000003
0.0,100,5,4,1.6511,135,0.00908411628046639,4.4886066056564395,108,0.005219417116732056,2.0384933361880684,74,0.02566346414630928,4.000000000000001
45.0,1,0,1,1.2183,190,0.00024478682465370327,1.6570994580099105,190,0.00024478682465370327,1.6570994580099105,102,0.0010249550423004888,1.998975044957072
45.0,1,1,4,1.2183,205,0.00029593072217516675,4.0488096866602366,161,0.0002687794546983917,1.2767123434882397,72,0.0031800327224888584,4.000000000000001
45.0,1,2,4,1.2183,249,0.00032596571359126757,4.375676611641894,157,0.00027179121738169653,1.2630518990167687,57,0.005464643337575753,4.000000000000002
45.0,1,3,4,1.2183,264,0.0003568250680160125,4.516762757873907,156,0.00027233631765484056,1.2610139662237285,48,0.007887832329220391,3.9999999999999956
45.0,1,4,4,1.2183,264,0.0003913776510749368,4.641301030092527,155,0.0002724809606670996,1.2609515142078729,42,0.010462592275539905,4.000000000000011
45.0,1,5,4,1.2183,260,0.0004307923177493524,4.698087633009872,154,0.00027255316232489027,1.260947484203287,39,0.013204028566238238,4.000000000000004
45.0,2,0,1,1.21,180,0.0003087833752638367,1.6017592728713659,180,0.0003087833752638367,1.6017592728713659,115,0.0009632091869372979,1.9900210362714514
45.0,2,1,4,1.207,206,0.0003962021893190469,4.029910631892377,149,0.00035791666834838917,1.2604989683598775,79,0.002995052166198878,4.000000000000003
45.0,2,2,4,1.2101,233,0.0004410517892458605,4.318363120312758,143,0.00036597875070132043,1.2513390124412858,62,0.005166534426141332,4.000000000000003
45.0,2,3,4,1.2072,240,0.00048389444166519277,4.471881441479266,143,0.000367976176670198,1.2461961789770497,52,0.007490356346612618,4.000000000000003
45.0,2,4,4,1.21,238,0.0005306166604849856,4.606127786001192,143,0.00036866215008741154,1.2460560525730717,45,0.009981917480808174,4.000000000000004
45.0,2,5,4,1.2101,230,0.0005834505293878799,4.673346742679238,143,0.00036903161689889045,1.2460521987618844,40,0.012655321553812991,3.9999999999999973
45.0,5,0,1,1.2128,171,0.00035357577741182016,1.6740954490238098,171,0.00035357577741182016,1.6740954490238098,131,0.0007264090878441238,1.9895012606919817
45.0,5,1,4,1.2103,179,0.0005229363282608483,4.01054269838284,134,0.0004653223243184279,1.3379238516091645,88,0.0022828380988047753,4.0000000000000036
45.0,5,2,4,1.2129,194,0.0006003771843952125,4.228447475957314,129,0.0004915826309884852,1.3026854306691766,69,0.003984955588314733,4.0000000000000036
45.0,5,3,4,1.2129,198,0.0006649805251798147,4.390712695181319,127,0.0005002913568579728,1.2940453267858936,57,0.005853184502688909,4.000000000000001
45.0,5,4,4,1.2116,195,0.0007303614513140235,4.526400100395212,127,0.0005039492907634782,1.2926233005855996,50,0.007910858956059153,4.0000000000000036
45.0,5,5,4,1.213,191,0.0008016573624303002,4.6140516530373565,127,0.0005058697148696986,1.2924344563098733,44,0.01017339919600541,4.000000000000005
45.0,10,0,1,1.214,181,0.00032702339773240893,1.7619403083972698,181,0.00032702339773240893,1.7619403083972698,148,0.0005126675261534362,1.9920526811850583
45.0,10,1,4,1.2127,173,0.0005683715776874317,4.003535731723271,134,0.0004945713653846864,1.4707269758465147,102,0.0016269481572169556,4.000000000000011
45.0,10,2,4,1.2139,176,0.0006829917811961457,4.149572085901119,125,0.0005471271711017339,1.408325671499176,79,0.0028685207018364673,4.0
45.0,10,3,4,1.2142,176,0.0007702335966815748,4.300551635403436,123,0.0005677982293437927,1.3888642407337146,66,0.0042602617507935025,4.000000000000003
45.0,10,4,4,1.2126,172,0.0008519393268115575,4.431496383886675,122,0.0005776696576399085,1.3900194620999156,57,0.005830143477069634,4.000000000000006
45.0,10,5,4,1.2139,168,0.0009364915539340577,4.535502785270598,121,0.000583121642910161,1.3828078153461587,50,0.0076004938981190364,4.000000000000007
45.0,20,0,1,1.2138,199,0.000254658767687281,1.8376831884530103,199,0.000254658767687281,1.8376831884530103,165,0.0003280423654739109,1.9946497197296278
45.0,20,1,4,1.2139,173,0.0005331590953362,4.001042781948646,142,0.00044898471754503135,1.6376192490414183,121,0.0010499231851504975,4.0000000000000036
45.0,20,2,4,1.2133,166,0.0006883298168709784,4.082150424798645,129,0.0005308831820964413,1.5806501170143092,94,0.0018671824650938215,4.0000000000000036
45.0,20,3,4,1.2146,162,0.0008028540758343981,4.198497192291268,124,0.0005690844702745559,1.5642772874660722,78,0.002799874083992688,4.000000000000004
45.0,20,4,4,1.2138,159,0.0009034650546615223,4.314245221044197,122,0.0005895166824508243,1.5625044207409275,67,0.0038741772699536123,4.000000000000009
45.0,20,5,4,1.214,154,0.0010014244597784253,4.4224023575203555,114,0.000601674859808577,1.5303940886252567,59,0.005116316436433674,4.000000000000003
45.0,50,0,1,1.2131,245,0.0001462562427030903,1.9093308430849532,245,0.0001462562427030903,1.9093308430849532,208,0.00016215574757531806,1.9971765344540255
45.0,50,1,4,1.2141,190,0.0003804987025779921,4.00020337001279,170,0.00030549671788746144,1.8547964206250858,159,0.0005230985798871392,4.000000000000003
45.0,50,2,4,1.2145,169,0.0005562914436225804,4.0302315274161415,150,0.0003993966844859226,1.897889635507384,121,0.0009382478574575333,4.000000000000002
45.0,50,3,4,1.2152,157,0.0006983058327843736,4.088659924014296,142,0.0004547049627612901,1.926995690764598,99,0.0014202757061559724,4.000000000000003
45.0,50,4,4,1.2154,149,0.0008227265683435861,4.164656993270819,137,0.0004893060875440018,1.9122852707580866,85,0.001986815693216488,4.000000000000013
45.0,50,5,4,1.2159,143,0.0009389981271955119,4.249621709463926,132,0.0005122646725783661,1.8592850267059033,74,0.0026590867182996218,4.000000000000033
45.0,100,0,1,1.2112,291,8.550640342661438e-05,1.9508266404103825,291,8.550640342661438e-05,1.9508266404103825,245,8.969161579913792e-05,1.998374965098321
45.0,100,1,4,1.2126,218,0.0002479706316563146,4.000058865354929,200,0.00019366178673870416,1.9961983068776574,196,0.00029037956044953976,4.00000000000001
45.0,100,2,4,1.2138,183,0.00039611069310199347,4.013395841749418,177,0.00026945944060291705,2.132359352789895,151,0.0005231611413536474,4.000000000000002
45.0,100,3,4,1.2148,166,0.0005318969923146108,4.04181558999052,168,0.0003212120553010316,2.2217726923654775,124,0.0007958637864605257,4.0000000000000195
45.0,100,4,4,1.2156,153,0.0006593795806799496,4.084031607795996,160,0.000357619784686739,2.220953716777105,105,0.0011196749720901165,4.00000000000002
45.0,100,5,4,1.2162,143,0.000782273205810841,4.1403162161327565,155,0.0003840307173795015,2.2409267503353516,92,0.0015090948498406762,4.000000000000004
