dim,M,S,overlap,local,scaling,coef,contrast,bc,k,sigma,N,n_sub,Nhat,iter,cg_info,lam_min,lam_max,kappa,omega,axis,axis_label,order
2,25,4,0,ic0,basic,const,1.0,full,1,0.0,625,16,1,28,0,0.0314571639673249,1.6626322878595106,52.853851974275734,1.1645222188551738,full,full-Dir,0
2,25,4,1,ic0,basic,const,1.0,full,1,0.0,625,16,4,31,0,0.06022265345265643,4.3010517417053045,71.41916695993051,1.179445179025321,full,full-Dir,0
2,25,4,2,ic0,basic,const,1.0,full,1,0.0,625,16,4,31,0,0.09117792740397813,4.542026057284043,49.814973717924985,1.1880441215207067,full,full-Dir,0
2,25,4,3,ic0,basic,const,1.0,full,1,0.0,625,16,4,28,0,0.16587018106660553,5.3327820282040275,32.15033584645716,1.1931902486840398,full,full-Dir,0
2,25,4,0,ic0,sasm,const,1.0,full,1,0.0,625,16,1,28,0,0.0314571639673249,1.6626322878595106,52.853851974275734,1.1645222188551738,full,full-Dir,0
2,25,4,1,ic0,sasm,const,1.0,full,1,0.0,625,16,4,21,0,0.04191120897560374,1.2594072223101873,30.0494128681251,1.179445179025321,full,full-Dir,0
2,25,4,2,ic0,sasm,const,1.0,full,1,0.0,625,16,4,21,0,0.043487494033729424,1.2685082321458603,29.169494824465858,1.1880441215207067,full,full-Dir,0
2,25,4,3,ic0,sasm,const,1.0,full,1,0.0,625,16,4,22,0,0.044264124806439605,1.3331968910842598,30.119129134804545,1.1931902486840398,full,full-Dir,0
2,25,4,0,ic0,basic,const,1.0,kfaces,2,0.0,625,16,1,40,0,0.01719337487165837,1.6626551246132266,96.70324395438816,1.247234141677853,kfaces,k=d Dir faces,1
2,25,4,1,ic0,basic,const,1.0,kfaces,2,0.0,625,16,4,40,0,0.030927274043525625,4.301052328444023,139.0698812443321,1.260698933979865,kfaces,k=d Dir faces,1
2,25,4,2,ic0,basic,const,1.0,kfaces,2,0.0,625,16,4,42,0,0.04435801510168408,4.542029741035794,102.39479225172438,1.2659879275670831,kfaces,k=d Dir faces,1
2,25,4,3,ic0,basic,const,1.0,kfaces,2,0.0,625,16,4,38,0,0.07168117572918872,5.332782617132504,74.39585864606548,1.2682848422018373,kfaces,k=d Dir faces,1
2,25,4,0,ic0,sasm,const,1.0,kfaces,2,0.0,625,16,1,40,0,0.01719337487165837,1.6626551246132266,96.70324395438816,1.247234141677853,kfaces,k=d Dir faces,1
2,25,4,1,ic0,sasm,const,1.0,kfaces,2,0.0,625,16,4,31,0,0.02242900253524289,1.2757245935838348,56.878347201543065,1.260698933979865,kfaces,k=d Dir faces,1
2,25,4,2,ic0,sasm,const,1.0,kfaces,2,0.0,625,16,4,30,0,0.02319515519587307,1.278813295988286,55.132776012458635,1.2659879275670831,kfaces,k=d Dir faces,1
2,25,4,3,ic0,sasm,const,1.0,kfaces,2,0.0,625,16,4,30,0,0.023512026779956695,1.333198151057403,56.70281696828938,1.2682848422018373,kfaces,k=d Dir faces,1
2,25,4,0,ic0,basic,const,1.0,mixed,1,0.0,625,16,1,49,0,0.004649101597095356,1.6626604573791521,357.63048465491516,1.356177125111477,mixed,1 Dir (mixed),2
2,25,4,1,ic0,basic,const,1.0,mixed,1,0.0,625,16,4,55,0,0.007725297061444432,4.301052363058688,556.7491228945055,1.3564149098370497,mixed,1 Dir (mixed),2
2,25,4,2,ic0,basic,const,1.0,mixed,1,0.0,625,16,4,55,0,0.010412124570722443,4.542029833268236,436.225076104049,1.3564837189393164,mixed,1 Dir (mixed),2
2,25,4,3,ic0,basic,const,1.0,mixed,1,0.0,625,16,4,51,0,0.01503674048058154,5.332782671779764,354.65017692275296,1.3565054156534009,mixed,1 Dir (mixed),2
2,25,4,0,ic0,sasm,const,1.0,mixed,1,0.0,625,16,1,49,0,0.004649101597095356,1.6626604573791521,357.63048465491516,1.356177125111477,mixed,1 Dir (mixed),2
2,25,4,1,ic0,sasm,const,1.0,mixed,1,0.0,625,16,4,38,0,0.005890049966246659,1.275857685247089,216.61237044821019,1.3564149098370497,mixed,1 Dir (mixed),2
2,25,4,2,ic0,sasm,const,1.0,mixed,1,0.0,625,16,4,38,0,0.006058693919314961,1.2788199022184557,211.0718777427608,1.3564837189393164,mixed,1 Dir (mixed),2
2,25,4,3,ic0,sasm,const,1.0,mixed,1,0.0,625,16,4,38,0,0.006104295285712881,1.3331983372840226,218.40331682583846,1.3565054156534009,mixed,1 Dir (mixed),2
2,25,4,0,ic0,basic,const,1.0,neumann,1,10.0,625,16,1,39,0,0.01881363749434659,1.6578736753440604,88.12084722277889,1.3459306538520548,neu_s10,"pureNeu sig=10
(~Sys1)",3
2,25,4,1,ic0,basic,const,1.0,neumann,1,10.0,625,16,4,43,0,0.031636195217933226,4.29782640426489,135.85155783299228,1.3461457690633163,neu_s10,"pureNeu sig=10
(~Sys1)",3
2,25,4,2,ic0,basic,const,1.0,neumann,1,10.0,625,16,4,44,0,0.04274571645598055,4.5355402325564675,106.10514008408673,1.3462064812191268,neu_s10,"pureNeu sig=10
(~Sys1)",3
2,25,4,3,ic0,basic,const,1.0,neumann,1,10.0,625,16,4,42,0,0.06155386146633867,5.321962247976473,86.46024995339798,1.3462251295027607,neu_s10,"pureNeu sig=10
(~Sys1)",3
2,25,4,0,ic0,sasm,const,1.0,neumann,1,10.0,625,16,1,39,0,0.01881363749434659,1.6578736753440604,88.12084722277889,1.3459306538520548,neu_s10,"pureNeu sig=10
(~Sys1)",3
2,25,4,1,ic0,sasm,const,1.0,neumann,1,10.0,625,16,4,29,0,0.02394542605098745,1.2741654404850804,53.211224463994746,1.3461457690633163,neu_s10,"pureNeu sig=10
(~Sys1)",3
2,25,4,2,ic0,sasm,const,1.0,neumann,1,10.0,625,16,4,29,0,0.024648116459262966,1.2779871901203348,51.84928399021973,1.3462064812191268,neu_s10,"pureNeu sig=10
(~Sys1)",3
2,25,4,3,ic0,sasm,const,1.0,neumann,1,10.0,625,16,4,30,0,0.024857687629576998,1.3304939965432416,53.52444750171167,1.3462251295027607,neu_s10,"pureNeu sig=10
(~Sys1)",3
2,25,4,0,ic0,basic,const,1.0,neumann,1,1.0,625,16,1,45,0,0.0019331502879000421,1.6621938513890882,859.8368485849641,1.3551260253029347,neu_s1,pureNeu sig=1,4
2,25,4,1,ic0,basic,const,1.0,neumann,1,1.0,625,16,4,51,0,0.003232719988912662,4.300727626536591,1330.3743105765116,1.3553613716586936,neu_s1,pureNeu sig=1,4
2,25,4,2,ic0,basic,const,1.0,neumann,1,1.0,625,16,4,52,0,0.004393362567222942,4.541377713677637,1033.690628576611,1.355429302257646,neu_s1,pureNeu sig=1,4
2,25,4,3,ic0,basic,const,1.0,neumann,1,1.0,625,16,4,48,0,0.0064403046450618945,5.331691623391431,827.863263809967,1.3554506658154293,neu_s1,pureNeu sig=1,4
2,25,4,0,ic0,sasm,const,1.0,neumann,1,1.0,625,16,1,45,0,0.0019331502879000421,1.6621938513890882,859.8368485849641,1.3551260253029347,neu_s1,pureNeu sig=1,4
2,25,4,1,ic0,sasm,const,1.0,neumann,1,1.0,625,16,4,35,0,0.0024520581989473725,1.2777162192709612,521.0790754556574,1.3553613716586936,neu_s1,pureNeu sig=1,4
2,25,4,2,ic0,sasm,const,1.0,neumann,1,1.0,625,16,4,35,0,0.0025236175796686244,1.2819592588538342,507.9847553693805,1.355429302257646,neu_s1,pureNeu sig=1,4
2,25,4,3,ic0,sasm,const,1.0,neumann,1,1.0,625,16,4,36,0,0.0025444755483544426,1.3329264986082998,523.8511721876546,1.3554506658154293,neu_s1,pureNeu sig=1,4
2,25,4,0,ic0,basic,const,1.0,neumann,1,0.1,625,16,1,48,0,0.0001938581014625906,1.6626294774923005,8576.528218054087,1.3560717428868947,neu_s.1,"pureNeu sig=0.1
(->Sys2)",5
2,25,4,1,ic0,basic,const,1.0,neumann,1,0.1,625,16,4,54,0,0.00032397996947735805,4.301020359842053,13275.574927611808,1.3563092819570668,neu_s.1,"pureNeu sig=0.1
(->Sys2)",5
2,25,4,2,ic0,basic,const,1.0,neumann,1,0.1,625,16,4,56,0,0.0004405459380699441,4.541967494314877,10309.861246737368,1.356378002475091,neu_s.1,"pureNeu sig=0.1
(->Sys2)",5
2,25,4,3,ic0,basic,const,1.0,neumann,1,0.1,625,16,4,53,0,0.0006468825440740258,5.332673951812284,8243.651031650099,1.3563996655700052,neu_s.1,"pureNeu sig=0.1
(->Sys2)",5
2,25,4,0,ic0,sasm,const,1.0,neumann,1,0.1,625,16,1,48,0,0.0001938581014625906,1.6626294774923005,8576.528218054087,1.3560717428868947,neu_s.1,"pureNeu sig=0.1
(->Sys2)",5
2,25,4,1,ic0,sasm,const,1.0,neumann,1,0.1,625,16,4,38,0,0.0002458024146902383,1.2780774924788763,5199.6132507059265,1.3563092819570668,neu_s.1,"pureNeu sig=0.1
(->Sys2)",5
2,25,4,2,ic0,sasm,const,1.0,neumann,1,0.1,625,16,4,37,0,0.0002529704946034917,1.2823654320246722,5069.229255509278,1.356378002475091,neu_s.1,"pureNeu sig=0.1
(->Sys2)",5
2,25,4,3,ic0,sasm,const,1.0,neumann,1,0.1,625,16,4,38,0,0.00025505374908815846,1.3331720974935584,5227.02411652358,1.3563996655700052,neu_s.1,"pureNeu sig=0.1
(->Sys2)",5
3,13,4,0,ic0,basic,const,1.0,full,1,0.0,2197,64,1,21,0,0.07905068260504922,1.6868510048891856,21.3388543817766,1.0625083618838425,full,full-Dir,0
3,13,4,1,ic0,basic,const,1.0,full,1,0.0,2197,64,8,26,0,0.3179442324350249,8.31347318930615,26.147582944455806,1.0880366597142563,full,full-Dir,0
3,13,4,2,ic0,basic,const,1.0,full,1,0.0,2197,64,27,29,0,0.9861870529158843,27.130545190241666,27.510546919090142,1.0981799829568109,full,full-Dir,0
3,13,4,3,ic0,basic,const,1.0,full,1,0.0,2197,64,27,20,0,1.0,32.481156075305506,32.481156075305506,1.1030307878039176,full,full-Dir,0
3,13,4,0,ic0,sasm,const,1.0,full,1,0.0,2197,64,1,21,0,0.07905068260504922,1.6868510048891856,21.3388543817766,1.0625083618838425,full,full-Dir,0
3,13,4,1,ic0,sasm,const,1.0,full,1,0.0,2197,64,8,15,0,0.1119723012300119,1.2083700823255523,10.791687489241967,1.0880366597142563,full,full-Dir,0
3,13,4,2,ic0,sasm,const,1.0,full,1,0.0,2197,64,27,14,0,0.12856911996391984,1.1663118508174566,9.071477281206848,1.0981799829568109,full,full-Dir,0
3,13,4,3,ic0,sasm,const,1.0,full,1,0.0,2197,64,27,14,0,0.13713163998019823,1.2034038938383032,8.775537826369424,1.1030307878039176,full,full-Dir,0
3,13,4,0,ic0,basic,const,1.0,kfaces,3,0.0,2197,64,1,31,0,0.03925111590714625,1.6880061357429321,43.005303078163074,1.119185144213897,kfaces,k=d Dir faces,1
3,13,4,1,ic0,basic,const,1.0,kfaces,3,0.0,2197,64,8,41,0,0.12501717575706062,8.313677544488021,66.50028281428753,1.1388347507820602,kfaces,k=d Dir faces,1
3,13,4,2,ic0,basic,const,1.0,kfaces,3,0.0,2197,64,27,46,0,0.3304323219527383,27.130546160168304,82.1062116436926,1.1450065409586274,kfaces,k=d Dir faces,1
3,13,4,3,ic0,basic,const,1.0,kfaces,3,0.0,2197,64,27,41,0,0.6559179683266301,32.48116865081154,49.52016901393493,1.147262367012583,kfaces,k=d Dir faces,1
3,13,4,0,ic0,sasm,const,1.0,kfaces,3,0.0,2197,64,1,31,0,0.03925111590714625,1.6880061357429321,43.005303078163074,1.119185144213897,kfaces,k=d Dir faces,1
3,13,4,1,ic0,sasm,const,1.0,kfaces,3,0.0,2197,64,8,23,0,0.053931952917291026,1.2517168703857768,23.2091886660471,1.1388347507820602,kfaces,k=d Dir faces,1
3,13,4,2,ic0,sasm,const,1.0,kfaces,3,0.0,2197,64,27,22,0,0.059718914005589374,1.2183711868887273,20.40176394993878,1.1450065409586274,kfaces,k=d Dir faces,1
3,13,4,3,ic0,sasm,const,1.0,kfaces,3,0.0,2197,64,27,22,0,0.06288890921837997,1.2393308537355006,19.7066679822981,1.147262367012583,kfaces,k=d Dir faces,1
3,13,4,0,ic0,basic,const,1.0,mixed,1,0.0,2197,64,1,41,0,0.008277739121533845,1.6889171015743019,204.03120668308156,1.1847212407215846,mixed,1 Dir (mixed),2
3,13,4,1,ic0,basic,const,1.0,mixed,1,0.0,2197,64,8,54,0,0.023551148164162518,8.313813015491629,353.01094271669746,1.187523307694521,mixed,1 Dir (mixed),2
3,13,4,2,ic0,basic,const,1.0,mixed,1,0.0,2197,64,27,64,0,0.05680791111829392,27.130547113285168,477.58395933252837,1.1880847385849587,mixed,1 Dir (mixed),2
3,13,4,3,ic0,basic,const,1.0,mixed,1,0.0,2197,64,27,59,0,0.11773775028540001,32.481181130429704,275.87737197028395,1.1882268781418885,mixed,1 Dir (mixed),2
3,13,4,0,ic0,sasm,const,1.0,mixed,1,0.0,2197,64,1,41,0,0.008277739121533845,1.6889171015743019,204.03120668308156,1.1847212407215846,mixed,1 Dir (mixed),2
3,13,4,1,ic0,sasm,const,1.0,mixed,1,0.0,2197,64,8,31,0,0.011113110889331201,1.2521957977727625,112.67734212702713,1.187523307694521,mixed,1 Dir (mixed),2
3,13,4,2,ic0,sasm,const,1.0,mixed,1,0.0,2197,64,27,29,0,0.01202870936432543,1.262149626934703,104.92810065541761,1.1880847385849587,mixed,1 Dir (mixed),2
3,13,4,3,ic0,sasm,const,1.0,mixed,1,0.0,2197,64,27,28,0,0.012663612423272852,1.2715585025303948,100.41040897568519,1.1882268781418885,mixed,1 Dir (mixed),2
3,13,4,0,ic0,basic,const,1.0,neumann,1,10.0,2197,64,1,30,0,0.03416930085591163,1.6768137372858545,49.07369174326401,1.1732022728973575,neu_s10,"pureNeu sig=10
(~Sys1)",3
3,13,4,1,ic0,basic,const,1.0,neumann,1,10.0,2197,64,8,39,0,0.09948902070836063,8.304709871437975,83.47363168627594,1.1758854530721872,neu_s10,"pureNeu sig=10
(~Sys1)",3
3,13,4,2,ic0,basic,const,1.0,neumann,1,10.0,2197,64,27,55,0,0.23477341903183604,27.12390939505449,115.53228430590092,1.1764174815661943,neu_s10,"pureNeu sig=10
(~Sys1)",3
3,13,4,3,ic0,basic,const,1.0,neumann,1,10.0,2197,64,27,47,0,0.4700069599162072,32.382092782321706,68.89704949921334,1.1765501971418157,neu_s10,"pureNeu sig=10
(~Sys1)",3
3,13,4,0,ic0,sasm,const,1.0,neumann,1,10.0,2197,64,1,30,0,0.03416930085591163,1.6768137372858545,49.07369174326401,1.1732022728973575,neu_s10,"pureNeu sig=10
(~Sys1)",3
3,13,4,1,ic0,sasm,const,1.0,neumann,1,10.0,2197,64,8,22,0,0.04606262433861641,1.2444371404407266,27.016201493267026,1.1758854530721872,neu_s10,"pureNeu sig=10
(~Sys1)",3
3,13,4,2,ic0,sasm,const,1.0,neumann,1,10.0,2197,64,27,22,0,0.05018359671319761,1.253238228368872,24.97306511390977,1.1764174815661943,neu_s10,"pureNeu sig=10
(~Sys1)",3
3,13,4,3,ic0,sasm,const,1.0,neumann,1,10.0,2197,64,27,21,0,0.05377316260364862,1.2617403807989482,23.464128195304188,1.1765501971418157,neu_s10,"pureNeu sig=10
(~Sys1)",3
3,13,4,0,ic0,basic,const,1.0,neumann,1,1.0,2197,64,1,39,0,0.0035672422994159625,1.6882905164428719,473.27609809944306,1.183509188520909,neu_s1,pureNeu sig=1,4
3,13,4,1,ic0,basic,const,1.0,neumann,1,1.0,2197,64,8,51,0,0.010511239316384409,8.31298150247921,790.8659723427037,1.1862977697468333,neu_s1,pureNeu sig=1,4
3,13,4,2,ic0,basic,const,1.0,neumann,1,1.0,2197,64,27,66,0,0.02683427505019768,27.129864093745955,1011.015354169074,1.1868557543323024,neu_s1,pureNeu sig=1,4
3,13,4,3,ic0,basic,const,1.0,neumann,1,1.0,2197,64,27,58,0,0.05874743095485907,32.4711027667606,552.7237913043563,1.1869967800402148,neu_s1,pureNeu sig=1,4
3,13,4,0,ic0,sasm,const,1.0,neumann,1,1.0,2197,64,1,39,0,0.0035672422994159625,1.6882905164428719,473.27609809944306,1.183509188520909,neu_s1,pureNeu sig=1,4
3,13,4,1,ic0,sasm,const,1.0,neumann,1,1.0,2197,64,8,29,0,0.004813101043695811,1.2514830420659653,260.01595036222125,1.1862977697468333,neu_s1,pureNeu sig=1,4
3,13,4,2,ic0,sasm,const,1.0,neumann,1,1.0,2197,64,27,28,0,0.005237182964919818,1.2612234017896893,240.82095474565855,1.1868557543323024,neu_s1,pureNeu sig=1,4
3,13,4,3,ic0,sasm,const,1.0,neumann,1,1.0,2197,64,27,27,0,0.005618667452776158,1.2705392191393763,226.12821097137697,1.1869967800402148,neu_s1,pureNeu sig=1,4
3,13,4,0,ic0,basic,const,1.0,neumann,1,0.1,2197,64,1,43,0,0.0003583312379905612,1.6894613261342484,4714.8033635257625,1.1845993994001374,neu_s.1,"pureNeu sig=0.1
(->Sys2)",5
3,13,4,1,ic0,basic,const,1.0,neumann,1,0.1,2197,64,8,57,0,0.001056944554559543,8.313828279590373,7865.907671055618,1.1874001000360392,neu_s.1,"pureNeu sig=0.1
(->Sys2)",5
3,13,4,2,ic0,basic,const,1.0,neumann,1,0.1,2197,64,27,72,0,0.0027157214325853,27.130479447588762,9990.15551523678,1.1879611807017232,neu_s.1,"pureNeu sig=0.1
(->Sys2)",5
3,13,4,3,ic0,basic,const,1.0,neumann,1,0.1,2197,64,27,63,0,0.005974877353851937,32.480182594293495,5436.125408223465,1.188103206996374,neu_s.1,"pureNeu sig=0.1
(->Sys2)",5
3,13,4,0,ic0,sasm,const,1.0,neumann,1,0.1,2197,64,1,43,0,0.0003583312379905612,1.6894613261342484,4714.8033635257625,1.1845993994001374,neu_s.1,"pureNeu sig=0.1
(->Sys2)",5
3,13,4,1,ic0,sasm,const,1.0,neumann,1,0.1,2197,64,8,31,0,0.0004834977997684453,1.2522148162782327,2589.9079931241426,1.1874001000360392,neu_s.1,"pureNeu sig=0.1
(->Sys2)",5
3,13,4,2,ic0,sasm,const,1.0,neumann,1,0.1,2197,64,27,31,0,0.0005260179381387786,1.262056779381238,2399.265667339792,1.1879611807017232,neu_s.1,"pureNeu sig=0.1
(->Sys2)",5
3,13,4,3,ic0,sasm,const,1.0,neumann,1,0.1,2197,64,27,30,0,0.0005643960482384636,1.27145618436643,2252.7730099010646,1.188103206996374,neu_s.1,"pureNeu sig=0.1
(->Sys2)",5
