tag,scheme,exact,iccL,overlap,nsub,N,iter,reason,lam_min,lam_max,kappa,Nhat,omega,t_setup,t_solve,case,dim,part
casea_1D_box,0,0,0,0,8,4000,17,2,0.00014621,1.9999,13678.0,1,1.0,0.0041,0.002,a,1,box
casea_1D_box,0,0,0,1,8,4000,17,2,0.0004468,2.0,4476.2,2,1.0,0.0014,0.0012,a,1,box
casea_1D_box,0,0,0,2,8,4000,17,2,0.00074987,2.0,2667.1,2,1.0,0.0014,0.0012,a,1,box
casea_1D_box,0,0,0,3,8,4000,17,2,0.0010663,2.0,1875.7,2,1.0,0.0014,0.0012,a,1,box
casea_1D_box,0,0,0,4,8,4000,17,2,0.0013673,2.0,1462.7,2,1.0,0.0014,0.0013,a,1,box
casea_1D_box,3,0,0,0,8,4000,17,2,0.00014621,1.9999,13678.0,1,1.0,0.0016,0.0013,a,1,box
casea_1D_box,3,0,0,1,8,4000,30,2,0.00035433,2.227,6285.2,2,1.0,0.0015,0.0022,a,1,box
casea_1D_box,3,0,0,2,8,4000,32,2,0.00051827,2.5773,4972.8,2,1.0,0.0014,0.0023,a,1,box
casea_1D_box,3,0,0,3,8,4000,33,2,0.00066264,2.8562,4310.3,2,1.0,0.0014,0.0024,a,1,box
casea_1D_box,3,0,0,4,8,4000,34,2,0.00075683,3.0873,4079.2,2,1.0,0.0014,0.0025,a,1,box
casea_1D_metis,0,0,0,0,8,4000,17,2,0.0001467,1.9999,13632.0,1,1.0,0.0013,0.0012,a,1,metis
casea_1D_metis,0,0,0,1,8,4000,17,2,0.00046124,2.0,4336.1,2,1.0,0.0014,0.0012,a,1,metis
casea_1D_metis,0,0,0,2,8,4000,17,2,0.00076568,2.0,2612.0,2,1.0,0.0015,0.0012,a,1,metis
casea_1D_metis,0,0,0,3,8,4000,17,2,0.0010661,2.0,1876.1,2,1.0,0.0014,0.0012,a,1,metis
casea_1D_metis,0,0,0,4,8,4000,17,2,0.0013726,2.0,1457.1,2,1.0,0.0014,0.0012,a,1,metis
casea_1D_metis,3,0,0,0,8,4000,17,2,0.0001467,1.9999,13632.0,1,1.0,0.0014,0.0013,a,1,metis
casea_1D_metis,3,0,0,1,8,4000,29,2,0.00036626,2.2433,6125.0,2,1.0,0.0015,0.0022,a,1,metis
casea_1D_metis,3,0,0,2,8,4000,32,2,0.00053312,2.5128,4713.4,2,1.0,0.0014,0.0024,a,1,metis
casea_1D_metis,3,0,0,3,8,4000,33,2,0.00065517,2.857,4360.7,2,1.0,0.0015,0.0024,a,1,metis
casea_1D_metis,3,0,0,4,8,4000,32,2,0.00077047,2.9789,3866.4,2,1.0,0.0015,0.0024,a,1,metis
casea_2D_box,0,0,0,0,16,4900,79,2,0.0070762,1.736,245.32,1,1.2605,0.0024,0.0091,a,2,box
casea_2D_box,0,0,0,1,16,4900,100,2,0.010139,4.04,398.44,4,1.263,0.0028,0.0128,a,2,box
casea_2D_box,0,0,0,2,16,4900,104,2,0.011746,4.749,404.3,4,1.2648,0.0032,0.0143,a,2,box
casea_2D_box,0,0,0,3,16,4900,102,2,0.013437,4.9116,365.52,4,1.2663,0.0035,0.0152,a,2,box
casea_2D_box,0,0,0,4,16,4900,97,2,0.015353,5.0167,326.75,4,1.2674,0.0039,0.016,a,2,box
casea_2D_box,3,0,0,0,16,4900,79,2,0.0070762,1.736,245.32,1,1.2605,0.0024,0.0095,a,2,box
casea_2D_box,3,0,0,1,16,4900,65,2,0.0087659,1.3424,153.13,4,1.263,0.0031,0.0084,a,2,box
casea_2D_box,3,0,0,2,16,4900,64,2,0.0090195,1.3083,145.05,4,1.2648,0.0033,0.0096,a,2,box
casea_2D_box,3,0,0,3,16,4900,64,2,0.0090997,1.3283,145.97,4,1.2663,0.0036,0.0104,a,2,box
casea_2D_box,3,0,0,4,16,4900,64,2,0.0091134,1.3157,144.37,4,1.2674,0.0039,0.0107,a,2,box
casea_2D_metis,0,0,0,0,16,4900,90,2,0.0065708,1.73,263.28,1,1.2664,0.0025,0.0101,a,2,metis
casea_2D_metis,0,0,0,1,16,4900,92,2,0.0098478,3.2594,330.98,3,1.2677,0.0029,0.0115,a,2,metis
casea_2D_metis,0,0,0,2,16,4900,98,2,0.011742,4.1523,353.64,4,1.2689,0.0034,0.0137,a,2,metis
casea_2D_metis,0,0,0,3,16,4900,99,2,0.013769,4.6256,335.93,4,1.2695,0.0037,0.0153,a,2,metis
casea_2D_metis,0,0,0,4,16,4900,95,2,0.016336,4.7553,291.1,4,1.2698,0.0043,0.0162,a,2,metis
casea_2D_metis,3,0,0,0,16,4900,90,2,0.0065708,1.73,263.28,1,1.2664,0.0026,0.0107,a,2,metis
casea_2D_metis,3,0,0,1,16,4900,69,2,0.0085208,1.3817,162.16,3,1.2677,0.003,0.009,a,2,metis
casea_2D_metis,3,0,0,2,16,4900,68,2,0.008821,1.3788,156.31,4,1.2689,0.0035,0.0098,a,2,metis
casea_2D_metis,3,0,0,3,16,4900,67,2,0.0088848,1.3775,155.04,4,1.2695,0.0037,0.0108,a,2,metis
casea_2D_metis,3,0,0,4,16,4900,67,2,0.0089155,1.3911,156.03,4,1.2698,0.0042,0.0119,a,2,metis
casea_3D_box,0,0,0,0,27,8000,52,2,0.045243,2.5589,56.56,1,2.0064,0.0052,0.013,a,3,box
casea_3D_box,0,0,0,1,27,8000,54,2,0.12366,8.0537,65.129,8,2.0266,0.0078,0.0198,a,3,box
casea_3D_box,0,0,0,2,27,8000,46,2,0.21819,9.6186,44.083,8,2.0277,0.0121,0.0243,a,3,box
casea_3D_box,0,0,0,3,27,8000,38,2,0.44005,11.335,25.758,8,2.0278,0.0176,0.0277,a,3,box
casea_3D_box,0,0,0,4,27,8000,44,2,0.72014,21.097,29.296,20,2.028,0.0247,0.0436,a,3,box
casea_3D_box,3,0,0,0,27,8000,52,2,0.045243,2.5589,56.56,1,2.0064,0.0053,0.0137,a,3,box
casea_3D_box,3,0,0,1,27,8000,31,2,0.071926,2.0704,28.786,8,2.0266,0.0079,0.012,a,3,box
casea_3D_box,3,0,0,2,27,8000,32,2,0.077829,2.629,33.779,8,2.0277,0.0119,0.0179,a,3,box
casea_3D_box,3,0,0,3,27,8000,29,2,0.079923,1.8752,23.462,8,2.0278,0.0177,0.0217,a,3,box
casea_3D_box,3,0,0,4,27,8000,30,2,0.088747,2.3412,26.38,20,2.028,0.0252,0.0305,a,3,box
casea_3D_metis,0,0,0,0,27,8000,52,2,0.036124,2.554,70.701,1,2.0157,0.0053,0.0132,a,3,metis
casea_3D_metis,0,0,0,1,27,8000,44,2,0.12304,5.3272,43.295,5,2.0274,0.0084,0.0169,a,3,metis
casea_3D_metis,0,0,0,2,27,8000,41,2,0.24973,7.8374,31.384,7,2.0278,0.0123,0.0221,a,3,metis
casea_3D_metis,0,0,0,3,27,8000,39,2,0.46945,12.16,25.903,12,2.0278,0.0182,0.0291,a,3,metis
casea_3D_metis,0,0,0,4,27,8000,36,2,0.72402,15.469,21.366,14,2.0278,0.0248,0.0358,a,3,metis
casea_3D_metis,3,0,0,0,27,8000,52,2,0.036124,2.554,70.701,1,2.0157,0.0052,0.0139,a,3,metis
casea_3D_metis,3,0,0,1,27,8000,35,2,0.068738,2.7141,39.485,5,2.0274,0.0081,0.0134,a,3,metis
casea_3D_metis,3,0,0,2,27,8000,32,2,0.075336,2.5675,34.081,7,2.0278,0.0124,0.0176,a,3,metis
casea_3D_metis,3,0,0,3,27,8000,29,2,0.083689,2.0049,23.956,12,2.0278,0.0182,0.0225,a,3,metis
casea_3D_metis,3,0,0,4,27,8000,28,2,0.089978,2.3421,26.03,14,2.0278,0.0249,0.0284,a,3,metis
caseb_2D_box,0,0,0,0,16,4900,85,2,0.011178,1.8702,167.31,1,1.3664,0.0025,0.0094,b,2,box
caseb_2D_box,0,0,0,1,16,4900,87,2,0.021057,4.0453,192.11,4,1.3698,0.0029,0.0108,b,2,box
caseb_2D_box,0,0,0,2,16,4900,86,2,0.026255,4.6233,176.09,4,1.3738,0.0032,0.0118,b,2,box
caseb_2D_box,0,0,0,3,16,4900,83,2,0.031056,4.9737,160.15,4,1.3763,0.0036,0.0123,b,2,box
caseb_2D_box,0,0,0,4,16,4900,79,2,0.035891,5.1874,144.53,4,1.3779,0.0039,0.013,b,2,box
caseb_2D_box,3,0,0,0,16,4900,85,2,0.011178,1.8702,167.31,1,1.3664,0.0025,0.0098,b,2,box
caseb_2D_box,3,0,0,1,16,4900,61,2,0.017565,1.5745,89.642,4,1.3698,0.0028,0.0082,b,2,box
caseb_2D_box,3,0,0,2,16,4900,58,2,0.01948,1.5083,77.429,4,1.3738,0.0032,0.0085,b,2,box
caseb_2D_box,3,0,0,3,16,4900,56,2,0.020462,1.496,73.11,4,1.3763,0.0038,0.0092,b,2,box
caseb_2D_box,3,0,0,4,16,4900,56,2,0.020845,1.4832,71.154,4,1.3779,0.004,0.0096,b,2,box
caseb_2D_metis,0,0,0,0,16,4900,94,2,0.009501,1.8837,198.27,1,1.3742,0.0025,0.0106,b,2,metis
caseb_2D_metis,0,0,0,1,16,4900,81,2,0.019753,3.5679,180.63,3,1.3776,0.0028,0.0106,b,2,metis
caseb_2D_metis,0,0,0,2,16,4900,81,2,0.02577,4.0237,156.14,4,1.3789,0.0033,0.0111,b,2,metis
caseb_2D_metis,0,0,0,3,16,4900,80,2,0.031156,4.454,142.96,4,1.3795,0.0038,0.0124,b,2,metis
caseb_2D_metis,0,0,0,4,16,4900,76,2,0.03721,4.6585,125.19,4,1.3794,0.0041,0.0129,b,2,metis
caseb_2D_metis,3,0,0,0,16,4900,94,2,0.009501,1.8837,198.27,1,1.3742,0.0026,0.0113,b,2,metis
caseb_2D_metis,3,0,0,1,16,4900,67,2,0.016375,1.6759,102.35,3,1.3776,0.0031,0.0088,b,2,metis
caseb_2D_metis,3,0,0,2,16,4900,62,2,0.018565,1.6717,90.045,4,1.3789,0.0034,0.009,b,2,metis
caseb_2D_metis,3,0,0,3,16,4900,61,2,0.019381,1.698,87.609,4,1.3795,0.0039,0.0099,b,2,metis
caseb_2D_metis,3,0,0,4,16,4900,59,2,0.019774,1.6417,83.021,4,1.3794,0.0042,0.0105,b,2,metis
caseb_3D_box,0,0,0,0,27,8000,68,2,0.016777,2.9996,178.8,1,1.5326,0.0051,0.017,b,3,box
caseb_3D_box,0,0,0,1,27,8000,60,2,0.14299,8.1234,56.812,8,1.5709,0.0079,0.022,b,3,box
caseb_3D_box,0,0,0,2,27,8000,52,2,0.25163,10.105,40.156,8,1.5869,0.012,0.0271,b,3,box
caseb_3D_box,0,0,0,3,27,8000,44,2,0.47113,11.687,24.806,8,1.5936,0.0176,0.032,b,3,box
caseb_3D_box,0,0,0,4,27,8000,47,2,0.71116,20.807,29.257,20,1.5956,0.0249,0.0466,b,3,box
caseb_3D_box,3,0,0,0,27,8000,68,2,0.016777,2.9996,178.8,1,1.5326,0.0051,0.0179,b,3,box
caseb_3D_box,3,0,0,1,27,8000,38,2,0.083378,3.1337,37.585,8,1.5709,0.0083,0.0148,b,3,box
caseb_3D_box,3,0,0,2,27,8000,37,2,0.094432,4.4874,47.519,8,1.5869,0.012,0.0199,b,3,box
caseb_3D_box,3,0,0,3,27,8000,33,2,0.09904,1.883,19.013,8,1.5936,0.0177,0.0246,b,3,box
caseb_3D_box,3,0,0,4,27,8000,31,2,0.11123,2.11,18.969,20,1.5956,0.0249,0.0316,b,3,box
caseb_3D_metis,0,0,0,0,27,8000,63,2,0.03838,2.8286,73.701,1,1.5636,0.0052,0.0165,b,3,metis
caseb_3D_metis,0,0,0,1,27,8000,48,2,0.14906,5.3963,36.202,5,1.5817,0.0081,0.0185,b,3,metis
caseb_3D_metis,0,0,0,2,27,8000,45,2,0.29658,8.2789,27.915,7,1.5927,0.0123,0.024,b,3,metis
caseb_3D_metis,0,0,0,3,27,8000,43,2,0.52365,12.552,23.969,12,1.5954,0.0182,0.0319,b,3,metis
caseb_3D_metis,0,0,0,4,27,8000,40,2,0.80649,16.799,20.83,14,1.5963,0.0249,0.0397,b,3,metis
caseb_3D_metis,3,0,0,0,27,8000,63,2,0.03838,2.8286,73.701,1,1.5636,0.0052,0.017,b,3,metis
caseb_3D_metis,3,0,0,1,27,8000,40,2,0.082057,4.4988,54.825,5,1.5817,0.0082,0.0154,b,3,metis
caseb_3D_metis,3,0,0,2,27,8000,36,2,0.093065,4.1081,44.142,7,1.5927,0.0124,0.0199,b,3,metis
caseb_3D_metis,3,0,0,3,27,8000,31,2,0.10541,1.718,16.298,12,1.5954,0.0192,0.0249,b,3,metis
caseb_3D_metis,3,0,0,4,27,8000,30,2,0.11498,1.7417,15.149,14,1.5963,0.0256,0.0321,b,3,metis
casec_1D_box,0,0,0,0,8,4000,17,2,4.0741e-05,2.0,49089.0,1,1.0,0.0013,0.0013,c,1,box
casec_1D_box,0,0,0,1,8,4000,17,2,0.00012979,2.0,15409.0,2,1.0,0.0014,0.0013,c,1,box
casec_1D_box,0,0,0,2,8,4000,17,2,0.00021638,2.0,9242.9,2,1.0,0.0015,0.0012,c,1,box
casec_1D_box,0,0,0,3,8,4000,17,2,0.00030325,2.0,6595.3,2,1.0,0.0014,0.0012,c,1,box
casec_1D_box,0,0,0,4,8,4000,17,2,0.00039326,2.0,5085.7,2,1.0,0.0014,0.0012,c,1,box
casec_1D_box,3,0,0,0,8,4000,17,2,4.0741e-05,2.0,49089.0,1,1.0,0.0017,0.0014,c,1,box
casec_1D_box,3,0,0,1,8,4000,30,2,0.00010345,2.227,21527.0,2,1.0,0.0024,0.0026,c,1,box
casec_1D_box,3,0,0,2,8,4000,33,2,0.00014945,2.5773,17245.0,2,1.0,0.0015,0.0025,c,1,box
casec_1D_box,3,0,0,3,8,4000,35,2,0.00018569,2.8562,15381.0,2,1.0,0.0016,0.0031,c,1,box
casec_1D_box,3,0,0,4,8,4000,35,2,0.00022044,3.0873,14005.0,2,1.0,0.0016,0.0025,c,1,box
casec_1D_metis,0,0,0,0,8,4000,17,2,4.9606e-05,2.0,40317.0,1,1.0,0.0054,0.0016,c,1,metis
casec_1D_metis,0,0,0,1,8,4000,17,2,0.00012965,2.0,15426.0,2,1.0,0.0015,0.0012,c,1,metis
casec_1D_metis,0,0,0,2,8,4000,17,2,0.00021778,2.0,9183.7,2,1.0,0.0014,0.0012,c,1,metis
casec_1D_metis,0,0,0,3,8,4000,17,2,0.00030746,2.0,6504.8,2,1.0,0.0017,0.0012,c,1,metis
casec_1D_metis,0,0,0,4,8,4000,17,2,0.00039168,2.0,5106.3,2,1.0,0.0015,0.0013,c,1,metis
casec_1D_metis,3,0,0,0,8,4000,17,2,4.9606e-05,2.0,40317.0,1,1.0,0.0014,0.0013,c,1,metis
casec_1D_metis,3,0,0,1,8,4000,31,2,0.00010102,2.2707,22478.0,2,1.0,0.0016,0.0023,c,1,metis
casec_1D_metis,3,0,0,2,8,4000,32,2,0.00015165,2.5111,16558.0,2,1.0,0.0014,0.0023,c,1,metis
casec_1D_metis,3,0,0,3,8,4000,33,2,0.00019244,2.7594,14339.0,2,1.0,0.0015,0.0024,c,1,metis
casec_1D_metis,3,0,0,4,8,4000,34,2,0.0002156,3.1115,14432.0,2,1.0,0.0015,0.0024,c,1,metis
casec_2D_box,0,0,0,0,16,4900,119,2,0.00097657,1.736,1777.6,1,1.3006,0.0026,0.0143,c,2,box
casec_2D_box,0,0,0,1,16,4900,146,2,0.0012859,4.04,3141.9,4,1.3006,0.0031,0.0198,c,2,box
casec_2D_box,0,0,0,2,16,4900,158,2,0.0014365,4.749,3306.0,4,1.3006,0.0034,0.023,c,2,box
casec_2D_box,0,0,0,3,16,4900,159,2,0.001586,4.9116,3096.8,4,1.3006,0.0038,0.0257,c,2,box
casec_2D_box,0,0,0,4,16,4900,156,2,0.001751,5.0167,2865.1,4,1.3006,0.004,0.027,c,2,box
casec_2D_box,3,0,0,0,16,4900,119,2,0.00097657,1.736,1777.6,1,1.3006,0.0026,0.0149,c,2,box
casec_2D_box,3,0,0,1,16,4900,95,2,0.0011536,1.3424,1163.7,4,1.3006,0.0031,0.0132,c,2,box
casec_2D_box,3,0,0,2,16,4900,95,2,0.0011796,1.3367,1133.2,4,1.3006,0.0035,0.0149,c,2,box
casec_2D_box,3,0,0,3,16,4900,95,2,0.0011856,1.3283,1120.4,4,1.3006,0.0039,0.0161,c,2,box
casec_2D_box,3,0,0,4,16,4900,95,2,0.0011865,1.3358,1125.9,4,1.3006,0.004,0.0173,c,2,box
casec_2D_metis,0,0,0,0,16,4900,126,2,0.00092659,1.7348,1872.2,1,1.3006,0.0025,0.0154,c,2,metis
casec_2D_metis,0,0,0,1,16,4900,134,2,0.0012673,3.1051,2450.2,3,1.3006,0.0031,0.019,c,2,metis
casec_2D_metis,0,0,0,2,16,4900,148,2,0.001452,4.1767,2876.6,4,1.3006,0.0035,0.0226,c,2,metis
casec_2D_metis,0,0,0,3,16,4900,155,2,0.0016318,4.5744,2803.2,4,1.3006,0.0038,0.0255,c,2,metis
casec_2D_metis,0,0,0,4,16,4900,150,2,0.0018422,4.7486,2577.7,4,1.3006,0.0043,0.0274,c,2,metis
casec_2D_metis,3,0,0,0,16,4900,126,2,0.00092659,1.7348,1872.2,1,1.3006,0.0027,0.0156,c,2,metis
casec_2D_metis,3,0,0,1,16,4900,101,2,0.0011302,1.3965,1235.6,3,1.3006,0.003,0.0143,c,2,metis
casec_2D_metis,3,0,0,2,16,4900,99,2,0.0011622,1.3908,1196.7,4,1.3006,0.0035,0.0156,c,2,metis
casec_2D_metis,3,0,0,3,16,4900,99,2,0.0011677,1.4002,1199.2,4,1.3006,0.0039,0.0169,c,2,metis
casec_2D_metis,3,0,0,4,16,4900,99,2,0.0011698,1.4293,1221.8,4,1.3006,0.0046,0.0182,c,2,metis
casec_3D_box,0,0,0,0,27,8000,81,2,0.0052984,3.9158,739.06,1,3.9128,0.0058,0.0253,c,3,box
casec_3D_box,0,0,0,1,27,8000,103,2,0.010744,9.9978,930.56,8,5.0622,0.0093,0.0463,c,3,box
casec_3D_box,0,0,0,2,27,8000,102,2,0.015739,19.767,1255.9,8,5.5594,0.0144,0.0644,c,3,box
casec_3D_box,0,0,0,3,27,8000,95,2,0.024048,22.125,920.05,8,5.6112,0.0209,0.0827,c,3,box
casec_3D_box,0,0,0,4,27,8000,108,2,0.033839,22.444,663.28,20,5.6182,0.0297,0.129,c,3,box
casec_3D_box,3,0,0,0,27,8000,81,2,0.0052984,3.9158,739.06,1,3.9128,0.006,0.0265,c,3,box
casec_3D_box,3,0,0,1,27,8000,63,2,0.0074085,4.025,543.29,8,5.0622,0.0091,0.0295,c,3,box
casec_3D_box,3,0,0,2,27,8000,66,2,0.0077367,4.8355,625.0,8,5.5594,0.0143,0.043,c,3,box
casec_3D_box,3,0,0,3,27,8000,63,2,0.0077888,5.5307,710.08,8,5.6112,0.0205,0.0558,c,3,box
casec_3D_box,3,0,0,4,27,8000,64,2,0.0080822,6.6609,824.15,20,5.6182,0.0292,0.0781,c,3,box
casec_3D_metis,0,0,0,0,27,8000,94,2,0.003828,3.7238,972.79,1,3.6197,0.006,0.0312,c,3,metis
casec_3D_metis,0,0,0,1,27,8000,87,2,0.010765,9.5816,890.06,5,5.5039,0.0097,0.0422,c,3,metis
casec_3D_metis,0,0,0,2,27,8000,88,2,0.018414,15.441,838.53,8,5.6093,0.0157,0.0636,c,3,metis
casec_3D_metis,0,0,0,3,27,8000,85,2,0.030978,22.847,737.53,11,5.6188,0.0318,0.0852,c,3,metis
casec_3D_metis,0,0,0,4,27,8000,84,2,0.046228,30.48,659.34,15,5.619,0.0325,0.1131,c,3,metis
casec_3D_metis,3,0,0,0,27,8000,94,2,0.003828,3.7238,972.79,1,3.6197,0.006,0.0311,c,3,metis
casec_3D_metis,3,0,0,1,27,8000,72,2,0.0067543,7.0133,1038.3,5,5.5039,0.0096,0.0351,c,3,metis
casec_3D_metis,3,0,0,2,27,8000,67,2,0.0072254,3.5814,495.67,8,5.6093,0.0155,0.0476,c,3,metis
casec_3D_metis,3,0,0,3,27,8000,64,2,0.007712,5.4208,702.9,11,5.6188,0.0238,0.0651,c,3,metis
casec_3D_metis,3,0,0,4,27,8000,62,2,0.0081766,5.0646,619.4,15,5.619,0.0327,0.083,c,3,metis
cased_2D_box,0,0,0,0,16,4900,115,2,0.0030798,1.8702,607.23,1,1.4337,0.0025,0.0141,d,2,box
cased_2D_box,0,0,0,1,16,4900,122,2,0.0051773,4.0453,781.35,4,1.4337,0.003,0.016,d,2,box
cased_2D_box,0,0,0,2,16,4900,126,2,0.0061562,4.6233,751.0,4,1.4337,0.0034,0.0185,d,2,box
cased_2D_box,0,0,0,3,16,4900,124,2,0.0069837,4.9737,712.19,4,1.4337,0.0038,0.0199,d,2,box
cased_2D_box,0,0,0,4,16,4900,117,2,0.0077954,5.1874,665.44,4,1.4337,0.0039,0.0202,d,2,box
cased_2D_box,3,0,0,0,16,4900,115,2,0.0030798,1.8702,607.23,1,1.4337,0.0028,0.0142,d,2,box
cased_2D_box,3,0,0,1,16,4900,87,2,0.0044866,1.5745,350.94,4,1.4337,0.0031,0.0122,d,2,box
cased_2D_box,3,0,0,2,16,4900,81,2,0.0048872,1.5459,316.32,4,1.4337,0.0033,0.0124,d,2,box
cased_2D_box,3,0,0,3,16,4900,79,2,0.0050736,1.496,294.86,4,1.4337,0.0037,0.0133,d,2,box
cased_2D_box,3,0,0,4,16,4900,78,2,0.0051371,1.4841,288.9,4,1.4337,0.0041,0.0141,d,2,box
cased_2D_metis,0,0,0,0,16,4900,127,2,0.002766,1.8761,678.27,1,1.4337,0.0026,0.0159,d,2,metis
cased_2D_metis,0,0,0,1,16,4900,112,2,0.0050354,3.1361,622.8,3,1.4337,0.0029,0.0148,d,2,metis
cased_2D_metis,0,0,0,2,16,4900,117,2,0.0062071,4.0206,647.73,4,1.4337,0.0035,0.0175,d,2,metis
cased_2D_metis,0,0,0,3,16,4900,118,2,0.0071306,4.6276,648.98,4,1.4337,0.0039,0.0193,d,2,metis
cased_2D_metis,0,0,0,4,16,4900,114,2,0.008112,4.8348,596.0,4,1.4337,0.0045,0.021,d,2,metis
cased_2D_metis,3,0,0,0,16,4900,127,2,0.002766,1.8761,678.27,1,1.4337,0.0025,0.0159,d,2,metis
cased_2D_metis,3,0,0,1,16,4900,95,2,0.0043106,1.7323,401.86,3,1.4337,0.003,0.0134,d,2,metis
cased_2D_metis,3,0,0,2,16,4900,86,2,0.0047847,1.6966,354.59,4,1.4337,0.0035,0.0135,d,2,metis
cased_2D_metis,3,0,0,3,16,4900,85,2,0.0049154,1.6695,339.64,4,1.4337,0.0039,0.0144,d,2,metis
cased_2D_metis,3,0,0,4,16,4900,82,2,0.0050085,1.634,326.25,4,1.4337,0.0045,0.0158,d,2,metis
cased_3D_box,0,0,0,0,27,8000,203,2,0.0012067,2.9996,2485.8,1,2.0578,0.0059,0.0638,d,3,box
cased_3D_box,0,0,0,1,27,8000,301,2,0.0014634,8.1234,5550.9,8,2.1104,0.0094,0.1347,d,3,box
cased_3D_box,0,0,0,2,27,8000,297,2,0.0018469,10.105,5471.3,8,2.1222,0.0139,0.1866,d,3,box
cased_3D_box,0,0,0,3,27,8000,325,2,0.0022334,11.411,5109.1,8,2.1262,0.0211,0.2807,d,3,box
cased_3D_box,0,0,0,4,27,8000,413,2,0.0022774,20.244,8888.8,20,2.1271,0.03,0.4863,d,3,box
cased_3D_box,3,0,0,0,27,8000,203,2,0.0012067,2.9996,2485.8,1,2.0578,0.0057,0.0659,d,3,box
cased_3D_box,3,0,0,1,27,8000,161,2,0.0014425,5.2413,3633.4,8,2.1104,0.0092,0.0746,d,3,box
cased_3D_box,3,0,0,2,27,8000,143,2,0.0018065,4.4875,2484.1,8,2.1222,0.0144,0.0918,d,3,box
cased_3D_box,3,0,0,3,27,8000,164,2,0.0017637,2.1552,1221.9,8,2.1262,0.0207,0.1447,d,3,box
cased_3D_box,3,0,0,4,27,8000,160,2,0.0018203,2.1512,1181.8,20,2.1271,0.0298,0.1902,d,3,box
cased_3D_metis,0,0,0,0,27,8000,168,2,0.0019485,2.3734,1218.0,1,1.7672,0.0062,0.0534,d,3,metis
cased_3D_metis,0,0,0,1,27,8000,181,2,0.0039416,5.9472,1508.8,5,2.0225,0.01,0.0855,d,3,metis
cased_3D_metis,0,0,0,2,27,8000,267,2,0.0026007,8.8313,3395.8,8,2.1115,0.0155,0.1837,d,3,metis
cased_3D_metis,0,0,0,3,27,8000,327,2,0.002207,11.931,5406.0,11,2.1243,0.0244,0.319,d,3,metis
cased_3D_metis,0,0,0,4,27,8000,340,2,0.0027133,15.819,5830.1,15,2.127,0.0337,0.4511,d,3,metis
cased_3D_metis,3,0,0,0,27,8000,168,2,0.0019485,2.3734,1218.0,1,1.7672,0.0057,0.0557,d,3,metis
cased_3D_metis,3,0,0,1,27,8000,128,2,0.0036418,4.9113,1348.6,5,2.0225,0.0102,0.0621,d,3,metis
cased_3D_metis,3,0,0,2,27,8000,173,2,0.0017766,4.7731,2686.6,8,2.1115,0.0161,0.1221,d,3,metis
cased_3D_metis,3,0,0,3,27,8000,234,2,0.00082033,3.2804,3998.8,11,2.1243,0.0525,0.2449,d,3,metis
cased_3D_metis,3,0,0,4,27,8000,212,2,0.00085322,3.5033,4106.0,15,2.127,0.0336,0.2849,d,3,metis
