ratio,method,O,L,iter,lmin,lmax,kappa
1,BASIC,0,0,118,8.9290e-04,1.5654e+00,1.7532e+03
1,sASM,0,0,118,8.9290e-04,1.5654e+00,1.7532e+03
1,ramp,0,0,118,8.9290e-04,1.5654e+00,1.7532e+03
1,harm,0,0,118,8.9290e-04,1.5654e+00,1.7532e+03
1,BASIC,1,0,147,9.8059e-04,3.2108e+00,3.2744e+03
1,sASM,1,0,101,9.2896e-04,1.2466e+00,1.3419e+03
1,ramp,1,0,99,9.3550e-04,1.2099e+00,1.2933e+03
1,harm,1,0,98,9.3691e-04,1.1971e+00,1.2778e+03
1,BASIC,2,0,175,1.0248e-03,3.4911e+00,3.4065e+03
1,sASM,2,0,101,9.3058e-04,1.2408e+00,1.3333e+03
1,ramp,2,0,95,9.4545e-04,1.1687e+00,1.2362e+03
1,harm,2,0,94,9.4671e-04,1.1673e+00,1.2330e+03
1,BASIC,3,0,196,1.0695e-03,4.3511e+00,4.0685e+03
1,sASM,3,0,101,9.3063e-04,1.2576e+00,1.3513e+03
1,ramp,3,0,93,9.4918e-04,1.1650e+00,1.2274e+03
1,harm,3,0,93,9.5025e-04,1.1645e+00,1.2255e+03
1,BASIC,4,0,203,1.1169e-03,4.4747e+00,4.0065e+03
1,sASM,4,0,101,9.3069e-04,1.2600e+00,1.3538e+03
1,ramp,4,0,92,9.5121e-04,1.1641e+00,1.2238e+03
1,harm,4,0,92,9.5214e-04,1.1640e+00,1.2225e+03
1,BASIC,5,0,202,1.1671e-03,4.5297e+00,3.8812e+03
1,sASM,5,0,100,9.3082e-04,1.2544e+00,1.3476e+03
1,ramp,5,0,92,9.5250e-04,1.1638e+00,1.2218e+03
1,harm,5,0,92,9.5332e-04,1.1638e+00,1.2208e+03
1,BASIC,6,0,201,1.2203e-03,4.5526e+00,3.7306e+03
1,sASM,6,0,100,9.3104e-04,1.2513e+00,1.3440e+03
1,ramp,6,0,91,9.5341e-04,1.1637e+00,1.2206e+03
1,harm,6,0,91,9.5414e-04,1.1638e+00,1.2197e+03
10,BASIC,0,0,142,8.6377e-04,1.5696e+00,1.8172e+03
10,sASM,0,0,142,8.6377e-04,1.5696e+00,1.8172e+03
10,ramp,0,0,142,8.6377e-04,1.5696e+00,1.8172e+03
10,harm,0,0,142,8.6377e-04,1.5696e+00,1.8172e+03
10,BASIC,1,0,191,9.2551e-04,3.3591e+00,3.6294e+03
10,sASM,1,0,126,8.8436e-04,1.2331e+00,1.3943e+03
10,ramp,1,0,125,8.8979e-04,1.2379e+00,1.3912e+03
10,harm,1,0,123,8.9144e-04,1.2154e+00,1.3634e+03
10,BASIC,2,0,197,9.6075e-04,3.4604e+00,3.6017e+03
10,sASM,2,0,126,8.8365e-04,1.2208e+00,1.3815e+03
10,ramp,2,0,123,8.9425e-04,1.1975e+00,1.3391e+03
10,harm,2,0,123,8.9547e-04,1.1972e+00,1.3370e+03
10,BASIC,3,0,224,9.9709e-04,4.4748e+00,4.4879e+03
10,sASM,3,0,126,8.8363e-04,1.2208e+00,1.3816e+03
10,ramp,3,0,123,8.9612e-04,1.1945e+00,1.3329e+03
10,harm,3,0,123,8.9712e-04,1.1945e+00,1.3314e+03
10,BASIC,4,0,230,1.0354e-03,4.5623e+00,4.4063e+03
10,sASM,4,0,126,8.8361e-04,1.2208e+00,1.3816e+03
10,ramp,4,0,123,8.9721e-04,1.1945e+00,1.3313e+03
10,harm,4,0,123,8.9807e-04,1.1945e+00,1.3300e+03
10,BASIC,5,0,229,1.0757e-03,4.5888e+00,4.2657e+03
10,sASM,5,0,126,8.8360e-04,1.2317e+00,1.3940e+03
10,ramp,5,0,123,8.9793e-04,1.1945e+00,1.3302e+03
10,harm,5,0,122,8.9870e-04,1.1945e+00,1.3291e+03
10,BASIC,6,0,226,1.1184e-03,4.6214e+00,4.1321e+03
10,sASM,6,0,126,8.8361e-04,1.2439e+00,1.4078e+03
10,ramp,6,0,123,8.9844e-04,1.1945e+00,1.3295e+03
10,harm,6,0,122,8.9913e-04,1.1945e+00,1.3285e+03
100,BASIC,0,0,199,6.1233e-04,1.8648e+00,3.0454e+03
100,sASM,0,0,199,6.1233e-04,1.8648e+00,3.0454e+03
100,ramp,0,0,199,6.1233e-04,1.8648e+00,3.0454e+03
100,harm,0,0,199,6.1233e-04,1.8648e+00,3.0454e+03
100,BASIC,1,0,279,6.9301e-04,4.4777e+00,6.4612e+03
100,sASM,1,0,184,6.4843e-04,1.6605e+00,2.5607e+03
100,ramp,1,0,192,6.5917e-04,2.1157e+00,3.2096e+03
100,harm,1,0,179,6.6178e-04,1.6554e+00,2.5014e+03
100,BASIC,2,0,285,7.1714e-04,4.6653e+00,6.5054e+03
100,sASM,2,0,182,6.4801e-04,1.6570e+00,2.5571e+03
100,ramp,2,0,180,6.6268e-04,1.6614e+00,2.5071e+03
100,harm,2,0,180,6.6434e-04,1.6569e+00,2.4940e+03
100,BASIC,3,0,297,7.4062e-04,5.6237e+00,7.5932e+03
100,sASM,3,0,182,6.4828e-04,1.6571e+00,2.5561e+03
100,ramp,3,0,180,6.6428e-04,1.6579e+00,2.4959e+03
100,harm,3,0,179,6.6581e-04,1.6570e+00,2.4887e+03
100,BASIC,4,0,312,7.6500e-04,6.2135e+00,8.1222e+03
100,sASM,4,0,182,6.4828e-04,1.6571e+00,2.5561e+03
100,ramp,4,0,180,6.6527e-04,1.6573e+00,2.4912e+03
100,harm,4,0,180,6.6679e-04,1.6570e+00,2.4851e+03
100,BASIC,5,0,320,7.9061e-04,6.2721e+00,7.9333e+03
100,sASM,5,0,182,6.4814e-04,1.6840e+00,2.5981e+03
100,ramp,5,0,179,6.6594e-04,1.6571e+00,2.4884e+03
100,harm,5,0,179,6.6745e-04,1.6571e+00,2.4827e+03
100,BASIC,6,0,323,8.1767e-04,6.2859e+00,7.6875e+03
100,sASM,6,0,182,6.4800e-04,1.6881e+00,2.6050e+03
100,ramp,6,0,179,6.6641e-04,1.6571e+00,2.4866e+03
100,harm,6,0,179,6.6792e-04,1.6571e+00,2.4809e+03
