exp,label,ksp,pc_asm_type,scheme,O,L,iter,reason,rnorm,err
exp1,BASIC+CG (ref),cg,basic,0,0,0,132,CONVERGED_RTOL,2.280e-06,5.421e-05
exp1,RAS+GMRES,gmres,restrict,0,0,0,265,CONVERGED_RTOL,1.215e-06,5.418e-05
exp1,RAS+CG,cg,restrict,0,0,0,132,CONVERGED_RTOL,2.280e-06,5.421e-05
exp1,sASM+CG (ref),cg,basic,3,0,0,132,CONVERGED_RTOL,2.280e-06,5.421e-05
exp1,BASIC+CG (ref),cg,basic,0,1,0,148,CONVERGED_RTOL,1.895e-06,5.421e-05
exp1,RAS+GMRES,gmres,restrict,0,1,0,232,CONVERGED_RTOL,1.020e-06,5.415e-05
exp1,RAS+CG,cg,restrict,0,1,0,2000,DIVERGED_ITS,7.096e-04,5.414e-05
exp1,sASM+CG (ref),cg,basic,3,1,0,104,CONVERGED_RTOL,1.810e-06,5.421e-05
exp1,BASIC+CG (ref),cg,basic,0,2,0,179,CONVERGED_RTOL,1.773e-06,5.421e-05
exp1,RAS+GMRES,gmres,restrict,0,2,0,136,CONVERGED_RTOL,1.056e-06,5.410e-05
exp1,RAS+CG,cg,restrict,0,2,0,111,CONVERGED_RTOL,1.498e-06,5.421e-05
exp1,sASM+CG (ref),cg,basic,3,2,0,103,CONVERGED_RTOL,1.910e-06,5.421e-05
exp2,BASIC (scheme0),cg,basic,0,0,0,132,CONVERGED_RTOL,2.280e-06,5.421e-05
exp2,sASM  D^-1/2 (scheme3),cg,basic,3,0,0,132,CONVERGED_RTOL,2.280e-06,5.421e-05
exp2,exp2  D^-1   (scheme5),cg,basic,5,0,0,132,CONVERGED_RTOL,2.280e-06,5.421e-05
exp2,BASIC (scheme0),cg,basic,0,0,1,102,CONVERGED_RTOL,3.191e-06,5.420e-05
exp2,sASM  D^-1/2 (scheme3),cg,basic,3,0,1,102,CONVERGED_RTOL,3.191e-06,5.420e-05
exp2,exp2  D^-1   (scheme5),cg,basic,5,0,1,102,CONVERGED_RTOL,3.191e-06,5.420e-05
exp2,BASIC (scheme0),cg,basic,0,0,2,87,CONVERGED_RTOL,4.069e-06,5.420e-05
exp2,sASM  D^-1/2 (scheme3),cg,basic,3,0,2,87,CONVERGED_RTOL,4.069e-06,5.420e-05
exp2,exp2  D^-1   (scheme5),cg,basic,5,0,2,87,CONVERGED_RTOL,4.069e-06,5.420e-05
exp2,BASIC (scheme0),cg,basic,0,1,0,148,CONVERGED_RTOL,1.895e-06,5.421e-05
exp2,sASM  D^-1/2 (scheme3),cg,basic,3,1,0,104,CONVERGED_RTOL,1.810e-06,5.421e-05
exp2,exp2  D^-1   (scheme5),cg,basic,5,1,0,123,CONVERGED_RTOL,2.345e-06,5.420e-05
exp2,BASIC (scheme0),cg,basic,0,1,1,102,CONVERGED_RTOL,2.655e-06,5.420e-05
exp2,sASM  D^-1/2 (scheme3),cg,basic,3,1,1,75,CONVERGED_RTOL,2.122e-06,5.421e-05
exp2,exp2  D^-1   (scheme5),cg,basic,5,1,1,92,CONVERGED_RTOL,3.591e-06,5.420e-05
exp2,BASIC (scheme0),cg,basic,0,1,2,92,CONVERGED_RTOL,3.044e-06,5.421e-05
exp2,sASM  D^-1/2 (scheme3),cg,basic,3,1,2,70,CONVERGED_RTOL,2.879e-06,5.420e-05
exp2,exp2  D^-1   (scheme5),cg,basic,5,1,2,80,CONVERGED_RTOL,4.133e-06,5.421e-05
exp2,BASIC (scheme0),cg,basic,0,2,0,179,CONVERGED_RTOL,1.773e-06,5.421e-05
exp2,sASM  D^-1/2 (scheme3),cg,basic,3,2,0,103,CONVERGED_RTOL,1.910e-06,5.421e-05
exp2,exp2  D^-1   (scheme5),cg,basic,5,2,0,128,CONVERGED_RTOL,2.517e-06,5.420e-05
exp2,BASIC (scheme0),cg,basic,0,2,1,117,CONVERGED_RTOL,2.727e-06,5.421e-05
exp2,sASM  D^-1/2 (scheme3),cg,basic,3,2,1,73,CONVERGED_RTOL,2.792e-06,5.420e-05
exp2,exp2  D^-1   (scheme5),cg,basic,5,2,1,93,CONVERGED_RTOL,3.045e-06,5.421e-05
exp2,BASIC (scheme0),cg,basic,0,2,2,90,CONVERGED_RTOL,2.894e-06,5.422e-05
exp2,sASM  D^-1/2 (scheme3),cg,basic,3,2,2,67,CONVERGED_RTOL,2.509e-06,5.421e-05
exp2,exp2  D^-1   (scheme5),cg,basic,5,2,2,81,CONVERGED_RTOL,4.008e-06,5.421e-05
exp3,exp3 D^-1 BASIC +GMRES,gmres,basic,6,0,0,265,CONVERGED_RTOL,1.215e-06,5.418e-05
exp3,exp3 D^-1 BASIC +CG,cg,basic,6,0,0,132,CONVERGED_RTOL,2.280e-06,5.421e-05
exp3,RAS+GMRES (compare),gmres,restrict,0,0,0,265,CONVERGED_RTOL,1.215e-06,5.418e-05
exp3,sASM+CG (compare),cg,basic,3,0,0,132,CONVERGED_RTOL,2.280e-06,5.421e-05
exp3,exp3 D^-1 BASIC +GMRES,gmres,basic,6,1,0,215,CONVERGED_RTOL,1.146e-06,5.434e-05
exp3,exp3 D^-1 BASIC +CG,cg,basic,6,1,0,2000,DIVERGED_ITS,2.183e-01,1.144e-04
exp3,RAS+GMRES (compare),gmres,restrict,0,1,0,232,CONVERGED_RTOL,1.020e-06,5.415e-05
exp3,sASM+CG (compare),cg,basic,3,1,0,104,CONVERGED_RTOL,1.810e-06,5.421e-05
exp3,exp3 D^-1 BASIC +GMRES,gmres,basic,6,2,0,221,CONVERGED_RTOL,1.091e-06,5.432e-05
exp3,exp3 D^-1 BASIC +CG,cg,basic,6,2,0,2000,DIVERGED_ITS,1.501e-01,2.962e-04
exp3,RAS+GMRES (compare),gmres,restrict,0,2,0,136,CONVERGED_RTOL,1.056e-06,5.410e-05
exp3,sASM+CG (compare),cg,basic,3,2,0,103,CONVERGED_RTOL,1.910e-06,5.421e-05
